05_08_2023_18_11_26_crop.jpg,X602CC790
06_08_2023_10_22_47_crop.jpg,A030OX197
06_08_2023_16_44_35_crop.jpg,A030OX197
08_08_2023_15_55_28_crop.jpg,K596HK797
08_08_2023_16_11_39_crop.jpg,E523AA977
08_08_2023_16_11_51_crop.jpg,C653EC72
08_08_2023_16_12_08_crop.jpg,X167HM799
08_08_2023_16_19_22_crop.jpg,C161YK750
08_08_2023_16_25_44_crop.jpg,T566AK777
08_08_2023_16_26_52_crop.jpg,O702TK777
08_08_2023_16_31_21_crop.jpg,M313BP777
08_08_2023_16_36_53_crop.jpg,K748BE77
08_08_2023_16_42_56_crop.jpg,H200PH777
08_08_2023_16_44_28_crop.jpg,Y479CC790
08_08_2023_16_48_20_crop.jpg,Y353YH777
08_08_2023_16_48_39_crop.jpg,M262KK77
08_08_2023_16_49_54_crop.jpg,H244HY777
08_08_2023_16_58_28_crop.jpg,Y169CX55
08_08_2023_17_00_07_crop.jpg,B741BP777
08_08_2023_17_16_19_crop.jpg,C935BK977
